-- 2026 FIFA World Cup mock seed data
-- Hosts: USA, Canada, Mexico
CREATE EXTENSION IF NOT EXISTS "uuid-ossp";

INSERT INTO groups (id, name)
VALUES
  ('00000000-0000-4000-8000-000000000001', 'A'),
  ('00000000-0000-4000-8000-000000000002', 'B'),
  ('00000000-0000-4000-8000-000000000003', 'C'),
  ('00000000-0000-4000-8000-000000000004', 'D'),
  ('00000000-0000-4000-8000-000000000005', 'E'),
  ('00000000-0000-4000-8000-000000000006', 'F'),
  ('00000000-0000-4000-8000-000000000007', 'G'),
  ('00000000-0000-4000-8000-000000000008', 'H'),
  ('00000000-0000-4000-8000-000000000009', 'I'),
  ('00000000-0000-4000-8000-000000000010', 'J'),
  ('00000000-0000-4000-8000-000000000011', 'K'),
  ('00000000-0000-4000-8000-000000000012', 'L');

INSERT INTO venues (id, name, city, country, capacity, image_url)
VALUES
  ('00000000-0000-4000-8001-000000000001', 'MetLife Stadium', 'East Rutherford', 'USA', 82500, NULL),
  ('00000000-0000-4000-8001-000000000002', 'Rose Bowl', 'Pasadena', 'USA', 88000, NULL),
  ('00000000-0000-4000-8001-000000000003', 'AT&T Stadium', 'Arlington', 'USA', 80000, NULL),
  ('00000000-0000-4000-8001-000000000004', 'SoFi Stadium', 'Inglewood', 'USA', 70000, NULL),
  ('00000000-0000-4000-8001-000000000005', 'Estadio Azteca', 'Mexico City', 'Mexico', 87000, NULL),
  ('00000000-0000-4000-8001-000000000006', 'BMO Field', 'Toronto', 'Canada', 30000, NULL),
  ('00000000-0000-4000-8001-000000000007', 'Lumen Field', 'Seattle', 'USA', 69000, NULL),
  ('00000000-0000-4000-8001-000000000008', 'Hard Rock Stadium', 'Miami', 'USA', 65000, NULL),
  ('00000000-0000-4000-8001-000000000009', 'NRG Stadium', 'Houston', 'USA', 72000, NULL),
  ('00000000-0000-4000-8001-000000000010', 'Lincoln Financial Field', 'Philadelphia', 'USA', 69000, NULL),
  ('00000000-0000-4000-8001-000000000011', 'Levi''s Stadium', 'Santa Clara', 'USA', 68500, NULL),
  ('00000000-0000-4000-8001-000000000012', 'BC Place', 'Vancouver', 'Canada', 54000, NULL),
  ('00000000-0000-4000-8001-000000000013', 'Arrowhead Stadium', 'Kansas City', 'USA', 76000, NULL),
  ('00000000-0000-4000-8001-000000000014', 'Mercedes-Benz Stadium', 'Atlanta', 'USA', 71000, NULL),
  ('00000000-0000-4000-8001-000000000015', 'Gillette Stadium', 'Foxborough', 'USA', 65000, NULL),
  ('00000000-0000-4000-8001-000000000016', 'Guadalajara Stadium', 'Guadalajara', 'Mexico', 46000, NULL);

INSERT INTO teams (
  id,
  name,
  slug,
  code,
  flag_url,
  confederation,
  fifa_ranking,
  world_cup_appearances,
  best_result,
  group_id,
  elo_rating,
  avg_goals_scored,
  avg_goals_conceded,
  recent_form
)
VALUES
  ('00000000-0000-4000-8002-000000000001', 'United States', 'united-states', 'USA', NULL, 'CONCACAF', 11, 12, 'Third Place (1930)', '00000000-0000-4000-8000-000000000001', 1840, 1.80, 1.10, 'WWDWL'),
  ('00000000-0000-4000-8002-000000000002', 'Switzerland', 'switzerland', 'SUI', NULL, 'UEFA', 18, 12, 'Quarter-finals (1934, 1938, 1954)', '00000000-0000-4000-8000-000000000001', 1830, 1.50, 0.90, 'WDWDW'),
  ('00000000-0000-4000-8002-000000000003', 'Ghana', 'ghana', 'GHA', NULL, 'CAF', 61, 4, 'Quarter-finals (2010)', '00000000-0000-4000-8000-000000000001', 1640, 1.20, 1.20, 'WDLWW'),
  ('00000000-0000-4000-8002-000000000004', 'Jordan', 'jordan', 'JOR', NULL, 'AFC', 68, 0, 'Debut', '00000000-0000-4000-8000-000000000001', 1585, 0.90, 1.20, 'WDLWW'),
  ('00000000-0000-4000-8002-000000000005', 'Mexico', 'mexico', 'MEX', NULL, 'CONCACAF', 14, 18, 'Quarter-finals (1970, 1986)', '00000000-0000-4000-8000-000000000002', 1835, 1.60, 1.00, 'DWWLW'),
  ('00000000-0000-4000-8002-000000000006', 'Croatia', 'croatia', 'CRO', NULL, 'UEFA', 9, 6, 'Runners-up (2018)', '00000000-0000-4000-8000-000000000002', 1890, 1.60, 1.00, 'WDLWW'),
  ('00000000-0000-4000-8002-000000000007', 'Qatar', 'qatar', 'QAT', NULL, 'AFC', 58, 1, 'Group Stage', '00000000-0000-4000-8000-000000000002', 1605, 1.00, 1.40, 'LWWDW'),
  ('00000000-0000-4000-8002-000000000008', 'Poland', 'poland', 'POL', NULL, 'UEFA', 30, 9, 'Third Place (1974, 1982)', '00000000-0000-4000-8000-000000000002', 1745, 1.30, 1.20, 'LDWLW'),
  ('00000000-0000-4000-8002-000000000009', 'Canada', 'canada', 'CAN', NULL, 'CONCACAF', 31, 3, 'Group Stage', '00000000-0000-4000-8000-000000000003', 1710, 1.40, 1.20, 'WLWDW'),
  ('00000000-0000-4000-8002-000000000010', 'Senegal', 'senegal', 'SEN', NULL, 'CAF', 19, 3, 'Quarter-finals (2002)', '00000000-0000-4000-8000-000000000003', 1815, 1.50, 0.90, 'WWDLW'),
  ('00000000-0000-4000-8002-000000000011', 'Tunisia', 'tunisia', 'TUN', NULL, 'CAF', 41, 6, 'Group Stage', '00000000-0000-4000-8000-000000000003', 1660, 1.00, 1.10, 'WWDLW'),
  ('00000000-0000-4000-8002-000000000012', 'Honduras', 'honduras', 'HON', NULL, 'CONCACAF', 78, 3, 'Group Stage', '00000000-0000-4000-8000-000000000003', 1540, 0.80, 1.30, 'DLWLW'),
  ('00000000-0000-4000-8002-000000000013', 'Argentina', 'argentina', 'ARG', NULL, 'CONMEBOL', 1, 18, 'Champions (1978, 1986, 2022)', '00000000-0000-4000-8000-000000000004', 2095, 2.10, 0.70, 'WWWWW'),
  ('00000000-0000-4000-8002-000000000014', 'Austria', 'austria', 'AUT', NULL, 'UEFA', 25, 8, 'Third Place (1954)', '00000000-0000-4000-8000-000000000004', 1765, 1.50, 1.10, 'WWDLW'),
  ('00000000-0000-4000-8002-000000000015', 'South Korea', 'south-korea', 'KOR', NULL, 'AFC', 23, 11, 'Fourth Place (2002)', '00000000-0000-4000-8000-000000000004', 1780, 1.40, 1.00, 'WDWLW'),
  ('00000000-0000-4000-8002-000000000016', 'Jamaica', 'jamaica', 'JAM', NULL, 'CONCACAF', 55, 1, 'Group Stage', '00000000-0000-4000-8000-000000000004', 1610, 1.10, 1.30, 'WWDLW'),
  ('00000000-0000-4000-8002-000000000017', 'Brazil', 'brazil', 'BRA', NULL, 'CONMEBOL', 5, 22, 'Champions (1958, 1962, 1970, 1994, 2002)', '00000000-0000-4000-8000-000000000005', 2065, 2.00, 0.80, 'WWDWW'),
  ('00000000-0000-4000-8002-000000000018', 'Turkey', 'turkey', 'TUR', NULL, 'UEFA', 40, 2, 'Third Place (2002)', '00000000-0000-4000-8000-000000000005', 1735, 1.40, 1.10, 'WDWWW'),
  ('00000000-0000-4000-8002-000000000019', 'Nigeria', 'nigeria', 'NGA', NULL, 'CAF', 37, 6, 'Round of 16 (1994, 1998, 2014)', '00000000-0000-4000-8000-000000000005', 1705, 1.40, 1.10, 'WWLWW'),
  ('00000000-0000-4000-8002-000000000020', 'New Zealand', 'new-zealand', 'NZL', NULL, 'OFC', 94, 2, 'Group Stage', '00000000-0000-4000-8000-000000000005', 1510, 0.70, 1.10, 'DWWLD'),
  ('00000000-0000-4000-8002-000000000021', 'France', 'france', 'FRA', NULL, 'UEFA', 2, 17, 'Champions (1998, 2018)', '00000000-0000-4000-8000-000000000006', 2050, 2.00, 0.80, 'WWLWW'),
  ('00000000-0000-4000-8002-000000000022', 'Colombia', 'colombia', 'COL', NULL, 'CONMEBOL', 12, 6, 'Quarter-finals (2014)', '00000000-0000-4000-8000-000000000006', 1865, 1.70, 0.90, 'WWDWW'),
  ('00000000-0000-4000-8002-000000000023', 'Saudi Arabia', 'saudi-arabia', 'KSA', NULL, 'AFC', 56, 7, 'Round of 16 (1994)', '00000000-0000-4000-8000-000000000006', 1655, 1.10, 1.20, 'WDLWW'),
  ('00000000-0000-4000-8002-000000000024', 'El Salvador', 'el-salvador', 'SLV', NULL, 'CONCACAF', 81, 2, 'Group Stage', '00000000-0000-4000-8000-000000000006', 1525, 0.80, 1.40, 'WLDLW'),
  ('00000000-0000-4000-8002-000000000025', 'England', 'england', 'ENG', NULL, 'UEFA', 4, 16, 'Champions (1966)', '00000000-0000-4000-8000-000000000007', 1995, 1.90, 0.70, 'WWDWW'),
  ('00000000-0000-4000-8002-000000000026', 'Ecuador', 'ecuador', 'ECU', NULL, 'CONMEBOL', 28, 5, 'Round of 16 (2006)', '00000000-0000-4000-8000-000000000007', 1755, 1.40, 1.00, 'WDWLW'),
  ('00000000-0000-4000-8002-000000000027', 'Algeria', 'algeria', 'ALG', NULL, 'CAF', 43, 5, 'Round of 16 (2014)', '00000000-0000-4000-8000-000000000007', 1675, 1.20, 1.10, 'WWLDW'),
  ('00000000-0000-4000-8002-000000000028', 'Uzbekistan', 'uzbekistan', 'UZB', NULL, 'AFC', 64, 0, 'Debut', '00000000-0000-4000-8000-000000000007', 1595, 1.00, 1.10, 'WWDLW'),
  ('00000000-0000-4000-8002-000000000029', 'Spain', 'spain', 'ESP', NULL, 'UEFA', 3, 16, 'Champions (2010)', '00000000-0000-4000-8000-000000000008', 2000, 1.80, 0.70, 'WWWWW'),
  ('00000000-0000-4000-8002-000000000030', 'Serbia', 'serbia', 'SRB', NULL, 'UEFA', 32, 13, 'Semi-finals (1930, 1962)', '00000000-0000-4000-8000-000000000008', 1740, 1.30, 1.10, 'WDLWW'),
  ('00000000-0000-4000-8002-000000000031', 'Cameroon', 'cameroon', 'CMR', NULL, 'CAF', 51, 8, 'Quarter-finals (1990)', '00000000-0000-4000-8000-000000000008', 1665, 1.20, 1.30, 'WLWDW'),
  ('00000000-0000-4000-8002-000000000032', 'Costa Rica', 'costa-rica', 'CRC', NULL, 'CONCACAF', 52, 6, 'Quarter-finals (2014)', '00000000-0000-4000-8000-000000000008', 1650, 1.10, 1.20, 'DLWDW'),
  ('00000000-0000-4000-8002-000000000033', 'Germany', 'germany', 'GER', NULL, 'UEFA', 10, 20, 'Champions (1954, 1974, 1990, 2014)', '00000000-0000-4000-8000-000000000009', 1950, 1.80, 1.00, 'WDWWW'),
  ('00000000-0000-4000-8002-000000000034', 'Japan', 'japan', 'JPN', NULL, 'AFC', 17, 8, 'Round of 16 (2002, 2010, 2018, 2022)', '00000000-0000-4000-8000-000000000009', 1820, 1.60, 0.90, 'WWDWL'),
  ('00000000-0000-4000-8002-000000000035', 'Ivory Coast', 'ivory-coast', 'CIV', NULL, 'CAF', 39, 4, 'Group Stage', '00000000-0000-4000-8000-000000000009', 1695, 1.40, 1.10, 'WDLWW'),
  ('00000000-0000-4000-8002-000000000036', 'Panama', 'panama', 'PAN', NULL, 'CONCACAF', 46, 1, 'Group Stage', '00000000-0000-4000-8000-000000000009', 1645, 1.00, 1.30, 'WLDDW'),
  ('00000000-0000-4000-8002-000000000037', 'Netherlands', 'netherlands', 'NED', NULL, 'UEFA', 7, 11, 'Runners-up (1974, 1978, 2010)', '00000000-0000-4000-8000-000000000010', 1960, 1.90, 0.90, 'WWDWL'),
  ('00000000-0000-4000-8002-000000000038', 'Denmark', 'denmark', 'DEN', NULL, 'UEFA', 21, 6, 'Quarter-finals (1998)', '00000000-0000-4000-8000-000000000010', 1800, 1.50, 1.00, 'WWDLW'),
  ('00000000-0000-4000-8002-000000000039', 'Egypt', 'egypt', 'EGY', NULL, 'CAF', 36, 3, 'Group Stage', '00000000-0000-4000-8000-000000000010', 1700, 1.30, 1.00, 'WWDDW'),
  ('00000000-0000-4000-8002-000000000040', 'Australia', 'australia', 'AUS', NULL, 'AFC', 26, 6, 'Round of 16 (2006, 2022)', '00000000-0000-4000-8000-000000000010', 1740, 1.30, 1.10, 'WDWLW'),
  ('00000000-0000-4000-8002-000000000041', 'Portugal', 'portugal', 'POR', NULL, 'UEFA', 6, 8, 'Third Place (1966)', '00000000-0000-4000-8000-000000000011', 1955, 1.80, 0.80, 'WWWWW'),
  ('00000000-0000-4000-8002-000000000042', 'Uruguay', 'uruguay', 'URU', NULL, 'CONMEBOL', 13, 14, 'Champions (1930, 1950)', '00000000-0000-4000-8000-000000000011', 1880, 1.60, 0.90, 'WDWWW'),
  ('00000000-0000-4000-8002-000000000043', 'Iran', 'iran', 'IRN', NULL, 'AFC', 20, 6, 'Group Stage', '00000000-0000-4000-8000-000000000011', 1770, 1.30, 0.90, 'WDWWW'),
  ('00000000-0000-4000-8002-000000000044', 'Morocco', 'morocco', 'MAR', NULL, 'CAF', 15, 6, 'Fourth Place (2022)', '00000000-0000-4000-8000-000000000011', 1885, 1.50, 0.80, 'WWDWW'),
  ('00000000-0000-4000-8002-000000000045', 'Belgium', 'belgium', 'BEL', NULL, 'UEFA', 8, 14, 'Third Place (2018)', '00000000-0000-4000-8000-000000000012', 1910, 1.70, 0.90, 'WWDLW'),
  ('00000000-0000-4000-8002-000000000046', 'Italy', 'italy', 'ITA', NULL, 'UEFA', 16, 18, 'Champions (1934, 1938, 1982, 2006)', '00000000-0000-4000-8000-000000000012', 1900, 1.60, 0.80, 'WWDLW'),
  ('00000000-0000-4000-8002-000000000047', 'Chile', 'chile', 'CHI', NULL, 'CONMEBOL', 42, 10, 'Third Place (1962)', '00000000-0000-4000-8000-000000000012', 1685, 1.20, 1.10, 'DLWWW'),
  ('00000000-0000-4000-8002-000000000048', 'Ukraine', 'ukraine', 'UKR', NULL, 'UEFA', 24, 1, 'Quarter-finals (2006)', '00000000-0000-4000-8000-000000000012', 1760, 1.40, 0.90, 'WWDLW');

INSERT INTO group_standings (
  id,
  group_id,
  team_id,
  played,
  won,
  drawn,
  lost,
  goals_for,
  goals_against,
  goal_difference,
  points,
  position
)
VALUES
  ('00000000-0000-4000-8003-000000000001', '00000000-0000-4000-8000-000000000001', '00000000-0000-4000-8002-000000000001', 1, 1, 0, 0, 2, 1, 1, 3, 1),
  ('00000000-0000-4000-8003-000000000002', '00000000-0000-4000-8000-000000000001', '00000000-0000-4000-8002-000000000003', 1, 0, 1, 0, 1, 1, 0, 1, 2),
  ('00000000-0000-4000-8003-000000000003', '00000000-0000-4000-8000-000000000001', '00000000-0000-4000-8002-000000000004', 1, 0, 1, 0, 1, 1, 0, 1, 3),
  ('00000000-0000-4000-8003-000000000004', '00000000-0000-4000-8000-000000000001', '00000000-0000-4000-8002-000000000002', 1, 0, 0, 1, 1, 2, -1, 0, 4),
  ('00000000-0000-4000-8003-000000000005', '00000000-0000-4000-8000-000000000002', '00000000-0000-4000-8002-000000000008', 1, 1, 0, 0, 2, 0, 2, 3, 1),
  ('00000000-0000-4000-8003-000000000006', '00000000-0000-4000-8000-000000000002', '00000000-0000-4000-8002-000000000005', 1, 1, 0, 0, 2, 1, 1, 3, 2),
  ('00000000-0000-4000-8003-000000000007', '00000000-0000-4000-8000-000000000002', '00000000-0000-4000-8002-000000000006', 1, 0, 0, 1, 1, 2, -1, 0, 3),
  ('00000000-0000-4000-8003-000000000008', '00000000-0000-4000-8000-000000000002', '00000000-0000-4000-8002-000000000007', 1, 0, 0, 1, 0, 2, -2, 0, 4),
  ('00000000-0000-4000-8003-000000000009', '00000000-0000-4000-8000-000000000003', '00000000-0000-4000-8002-000000000010', 1, 1, 0, 0, 2, 1, 1, 3, 1),
  ('00000000-0000-4000-8003-000000000010', '00000000-0000-4000-8000-000000000003', '00000000-0000-4000-8002-000000000011', 1, 1, 0, 0, 1, 0, 1, 3, 2),
  ('00000000-0000-4000-8003-000000000011', '00000000-0000-4000-8000-000000000003', '00000000-0000-4000-8002-000000000009', 1, 0, 0, 1, 1, 2, -1, 0, 3),
  ('00000000-0000-4000-8003-000000000012', '00000000-0000-4000-8000-000000000003', '00000000-0000-4000-8002-000000000012', 1, 0, 0, 1, 0, 1, -1, 0, 4),
  ('00000000-0000-4000-8003-000000000013', '00000000-0000-4000-8000-000000000004', '00000000-0000-4000-8002-000000000013', 1, 1, 0, 0, 3, 0, 3, 3, 1),
  ('00000000-0000-4000-8003-000000000014', '00000000-0000-4000-8000-000000000004', '00000000-0000-4000-8002-000000000015', 1, 1, 0, 0, 2, 1, 1, 3, 2),
  ('00000000-0000-4000-8003-000000000015', '00000000-0000-4000-8000-000000000004', '00000000-0000-4000-8002-000000000016', 1, 0, 0, 1, 1, 2, -1, 0, 3),
  ('00000000-0000-4000-8003-000000000016', '00000000-0000-4000-8000-000000000004', '00000000-0000-4000-8002-000000000014', 1, 0, 0, 1, 0, 3, -3, 0, 4),
  ('00000000-0000-4000-8003-000000000017', '00000000-0000-4000-8000-000000000005', '00000000-0000-4000-8002-000000000017', 1, 1, 0, 0, 2, 0, 2, 3, 1),
  ('00000000-0000-4000-8003-000000000018', '00000000-0000-4000-8000-000000000005', '00000000-0000-4000-8002-000000000019', 1, 0, 1, 0, 1, 1, 0, 1, 2),
  ('00000000-0000-4000-8003-000000000019', '00000000-0000-4000-8000-000000000005', '00000000-0000-4000-8002-000000000020', 1, 0, 1, 0, 1, 1, 0, 1, 3),
  ('00000000-0000-4000-8003-000000000020', '00000000-0000-4000-8000-000000000005', '00000000-0000-4000-8002-000000000018', 1, 0, 0, 1, 0, 2, -2, 0, 4),
  ('00000000-0000-4000-8003-000000000021', '00000000-0000-4000-8000-000000000006', '00000000-0000-4000-8002-000000000021', 1, 1, 0, 0, 2, 1, 1, 3, 1),
  ('00000000-0000-4000-8003-000000000022', '00000000-0000-4000-8000-000000000006', '00000000-0000-4000-8002-000000000024', 1, 1, 0, 0, 1, 0, 1, 3, 2),
  ('00000000-0000-4000-8003-000000000023', '00000000-0000-4000-8000-000000000006', '00000000-0000-4000-8002-000000000022', 1, 0, 0, 1, 1, 2, -1, 0, 3),
  ('00000000-0000-4000-8003-000000000024', '00000000-0000-4000-8000-000000000006', '00000000-0000-4000-8002-000000000023', 1, 0, 0, 1, 0, 1, -1, 0, 4),
  ('00000000-0000-4000-8003-000000000025', '00000000-0000-4000-8000-000000000007', '00000000-0000-4000-8002-000000000025', 1, 1, 0, 0, 2, 0, 2, 3, 1),
  ('00000000-0000-4000-8003-000000000026', '00000000-0000-4000-8000-000000000007', '00000000-0000-4000-8002-000000000027', 1, 0, 1, 0, 1, 1, 0, 1, 2),
  ('00000000-0000-4000-8003-000000000027', '00000000-0000-4000-8000-000000000007', '00000000-0000-4000-8002-000000000028', 1, 0, 1, 0, 1, 1, 0, 1, 3),
  ('00000000-0000-4000-8003-000000000028', '00000000-0000-4000-8000-000000000007', '00000000-0000-4000-8002-000000000026', 1, 0, 0, 1, 0, 2, -2, 0, 4),
  ('00000000-0000-4000-8003-000000000029', '00000000-0000-4000-8000-000000000008', '00000000-0000-4000-8002-000000000029', 1, 1, 0, 0, 3, 1, 2, 3, 1),
  ('00000000-0000-4000-8003-000000000030', '00000000-0000-4000-8000-000000000008', '00000000-0000-4000-8002-000000000031', 1, 0, 1, 0, 0, 0, 0, 1, 2),
  ('00000000-0000-4000-8003-000000000031', '00000000-0000-4000-8000-000000000008', '00000000-0000-4000-8002-000000000032', 1, 0, 1, 0, 0, 0, 0, 1, 3),
  ('00000000-0000-4000-8003-000000000032', '00000000-0000-4000-8000-000000000008', '00000000-0000-4000-8002-000000000030', 1, 0, 0, 1, 1, 3, -2, 0, 4),
  ('00000000-0000-4000-8003-000000000033', '00000000-0000-4000-8000-000000000009', '00000000-0000-4000-8002-000000000035', 1, 1, 0, 0, 2, 0, 2, 3, 1),
  ('00000000-0000-4000-8003-000000000034', '00000000-0000-4000-8000-000000000009', '00000000-0000-4000-8002-000000000033', 1, 1, 0, 0, 2, 1, 1, 3, 2),
  ('00000000-0000-4000-8003-000000000035', '00000000-0000-4000-8000-000000000009', '00000000-0000-4000-8002-000000000034', 1, 0, 0, 1, 1, 2, -1, 0, 3),
  ('00000000-0000-4000-8003-000000000036', '00000000-0000-4000-8000-000000000009', '00000000-0000-4000-8002-000000000036', 1, 0, 0, 1, 0, 2, -2, 0, 4),
  ('00000000-0000-4000-8003-000000000037', '00000000-0000-4000-8000-000000000010', '00000000-0000-4000-8002-000000000040', 1, 1, 0, 0, 2, 1, 1, 3, 1),
  ('00000000-0000-4000-8003-000000000038', '00000000-0000-4000-8000-000000000010', '00000000-0000-4000-8002-000000000037', 1, 1, 0, 0, 1, 0, 1, 3, 2),
  ('00000000-0000-4000-8003-000000000039', '00000000-0000-4000-8000-000000000010', '00000000-0000-4000-8002-000000000039', 1, 0, 0, 1, 1, 2, -1, 0, 3),
  ('00000000-0000-4000-8003-000000000040', '00000000-0000-4000-8000-000000000010', '00000000-0000-4000-8002-000000000038', 1, 0, 0, 1, 0, 1, -1, 0, 4),
  ('00000000-0000-4000-8003-000000000041', '00000000-0000-4000-8000-000000000011', '00000000-0000-4000-8002-000000000044', 1, 1, 0, 0, 1, 0, 1, 3, 1),
  ('00000000-0000-4000-8003-000000000042', '00000000-0000-4000-8000-000000000011', '00000000-0000-4000-8002-000000000041', 1, 0, 1, 0, 2, 2, 0, 1, 2),
  ('00000000-0000-4000-8003-000000000043', '00000000-0000-4000-8000-000000000011', '00000000-0000-4000-8002-000000000042', 1, 0, 1, 0, 2, 2, 0, 1, 3),
  ('00000000-0000-4000-8003-000000000044', '00000000-0000-4000-8000-000000000011', '00000000-0000-4000-8002-000000000043', 1, 0, 0, 1, 0, 1, -1, 0, 4),
  ('00000000-0000-4000-8003-000000000045', '00000000-0000-4000-8000-000000000012', '00000000-0000-4000-8002-000000000048', 1, 1, 0, 0, 2, 0, 2, 3, 1),
  ('00000000-0000-4000-8003-000000000046', '00000000-0000-4000-8000-000000000012', '00000000-0000-4000-8002-000000000045', 1, 0, 1, 0, 1, 1, 0, 1, 2),
  ('00000000-0000-4000-8003-000000000047', '00000000-0000-4000-8000-000000000012', '00000000-0000-4000-8002-000000000046', 1, 0, 1, 0, 1, 1, 0, 1, 3),
  ('00000000-0000-4000-8003-000000000048', '00000000-0000-4000-8000-000000000012', '00000000-0000-4000-8002-000000000047', 1, 0, 0, 1, 0, 2, -2, 0, 4);

INSERT INTO matches (
  id,
  match_number,
  home_team_id,
  away_team_id,
  group_id,
  venue_id,
  match_date,
  stage,
  status,
  home_score,
  away_score,
  referee,
  weather
)
VALUES
  ('00000000-0000-4000-8004-000000000001', 1, '00000000-0000-4000-8002-000000000001', '00000000-0000-4000-8002-000000000002', '00000000-0000-4000-8000-000000000001', '00000000-0000-4000-8001-000000000001', '2026-06-11T19:00:00Z', 'group', 'finished', 2, 1, 'Ismail Elfath', 'Sunny, 24°C'),
  ('00000000-0000-4000-8004-000000000002', 2, '00000000-0000-4000-8002-000000000003', '00000000-0000-4000-8002-000000000004', '00000000-0000-4000-8000-000000000001', '00000000-0000-4000-8001-000000000006', '2026-06-11T22:00:00Z', 'group', 'finished', 1, 1, 'Clement Turpin', 'Mild, 18°C'),
  ('00000000-0000-4000-8004-000000000003', 3, '00000000-0000-4000-8002-000000000005', '00000000-0000-4000-8002-000000000006', '00000000-0000-4000-8000-000000000002', '00000000-0000-4000-8001-000000000005', '2026-06-12T17:00:00Z', 'group', 'finished', 2, 1, 'Facundo Tello', 'Clear, 21°C'),
  ('00000000-0000-4000-8004-000000000004', 4, '00000000-0000-4000-8002-000000000007', '00000000-0000-4000-8002-000000000008', '00000000-0000-4000-8000-000000000002', '00000000-0000-4000-8001-000000000003', '2026-06-12T20:00:00Z', 'group', 'finished', 0, 2, 'Szymon Marciniak', 'Indoor, 22°C'),
  ('00000000-0000-4000-8004-000000000005', 5, '00000000-0000-4000-8002-000000000009', '00000000-0000-4000-8002-000000000010', '00000000-0000-4000-8000-000000000003', '00000000-0000-4000-8001-000000000012', '2026-06-12T23:00:00Z', 'group', 'finished', 1, 2, 'Victor Gomes', 'Indoor, 20°C'),
  ('00000000-0000-4000-8004-000000000006', 6, '00000000-0000-4000-8002-000000000011', '00000000-0000-4000-8002-000000000012', '00000000-0000-4000-8000-000000000003', '00000000-0000-4000-8001-000000000007', '2026-06-13T02:00:00Z', 'group', 'finished', 1, 0, 'Ivan Barton', 'Cloudy, 17°C'),
  ('00000000-0000-4000-8004-000000000007', 7, '00000000-0000-4000-8002-000000000013', '00000000-0000-4000-8002-000000000014', '00000000-0000-4000-8000-000000000004', '00000000-0000-4000-8001-000000000008', '2026-06-13T17:00:00Z', 'group', 'finished', 3, 0, 'Daniele Orsato', 'Humid, 29°C'),
  ('00000000-0000-4000-8004-000000000008', 8, '00000000-0000-4000-8002-000000000015', '00000000-0000-4000-8002-000000000016', '00000000-0000-4000-8000-000000000004', '00000000-0000-4000-8001-000000000013', '2026-06-13T20:00:00Z', 'group', 'finished', 2, 1, 'Alireza Faghani', 'Clear, 25°C'),
  ('00000000-0000-4000-8004-000000000009', 9, '00000000-0000-4000-8002-000000000017', '00000000-0000-4000-8002-000000000018', '00000000-0000-4000-8000-000000000005', '00000000-0000-4000-8001-000000000002', '2026-06-13T23:00:00Z', 'group', 'finished', 2, 0, 'Andres Matonte', 'Warm, 27°C'),
  ('00000000-0000-4000-8004-000000000010', 10, '00000000-0000-4000-8002-000000000019', '00000000-0000-4000-8002-000000000020', '00000000-0000-4000-8000-000000000005', '00000000-0000-4000-8001-000000000015', '2026-06-14T02:00:00Z', 'group', 'finished', 1, 1, 'Bakary Gassama', 'Cool, 16°C'),
  ('00000000-0000-4000-8004-000000000011', 11, '00000000-0000-4000-8002-000000000021', '00000000-0000-4000-8002-000000000022', '00000000-0000-4000-8000-000000000006', '00000000-0000-4000-8001-000000000004', '2026-06-14T17:00:00Z', 'group', 'finished', 2, 1, 'Anthony Taylor', 'Indoor, 22°C'),
  ('00000000-0000-4000-8004-000000000012', 12, '00000000-0000-4000-8002-000000000023', '00000000-0000-4000-8002-000000000024', '00000000-0000-4000-8000-000000000006', '00000000-0000-4000-8001-000000000009', '2026-06-14T20:00:00Z', 'group', 'finished', 0, 1, 'Cesar Ramos', 'Indoor, 21°C'),
  ('00000000-0000-4000-8004-000000000013', 13, '00000000-0000-4000-8002-000000000025', '00000000-0000-4000-8002-000000000026', '00000000-0000-4000-8000-000000000007', '00000000-0000-4000-8001-000000000014', '2026-06-14T23:00:00Z', 'group', 'finished', 2, 0, 'Michael Oliver', 'Indoor, 22°C'),
  ('00000000-0000-4000-8004-000000000014', 14, '00000000-0000-4000-8002-000000000027', '00000000-0000-4000-8002-000000000028', '00000000-0000-4000-8000-000000000007', '00000000-0000-4000-8001-000000000011', '2026-06-15T02:00:00Z', 'group', 'finished', 1, 1, 'Abdelatif Kherradji', 'Cool, 19°C'),
  ('00000000-0000-4000-8004-000000000015', 15, '00000000-0000-4000-8002-000000000029', '00000000-0000-4000-8002-000000000030', '00000000-0000-4000-8000-000000000008', '00000000-0000-4000-8001-000000000010', '2026-06-15T17:00:00Z', 'group', 'finished', 3, 1, 'Jesus Valenzuela', 'Sunny, 23°C'),
  ('00000000-0000-4000-8004-000000000016', 16, '00000000-0000-4000-8002-000000000031', '00000000-0000-4000-8002-000000000032', '00000000-0000-4000-8000-000000000008', '00000000-0000-4000-8001-000000000016', '2026-06-15T20:00:00Z', 'group', 'finished', 0, 0, 'Mario Escobar', 'Warm, 26°C'),
  ('00000000-0000-4000-8004-000000000017', 17, '00000000-0000-4000-8002-000000000033', '00000000-0000-4000-8002-000000000034', '00000000-0000-4000-8000-000000000009', '00000000-0000-4000-8001-000000000003', '2026-06-15T23:00:00Z', 'group', 'finished', 2, 1, 'Felix Zwayer', 'Indoor, 22°C'),
  ('00000000-0000-4000-8004-000000000018', 18, '00000000-0000-4000-8002-000000000035', '00000000-0000-4000-8002-000000000036', '00000000-0000-4000-8000-000000000009', '00000000-0000-4000-8001-000000000006', '2026-06-16T02:00:00Z', 'group', 'finished', 2, 0, 'Mustapha Ghorbal', 'Mild, 19°C'),
  ('00000000-0000-4000-8004-000000000019', 19, '00000000-0000-4000-8002-000000000037', '00000000-0000-4000-8002-000000000038', '00000000-0000-4000-8000-000000000010', '00000000-0000-4000-8001-000000000001', '2026-06-16T17:00:00Z', 'group', 'finished', 1, 0, 'Danny Makkelie', 'Breezy, 22°C'),
  ('00000000-0000-4000-8004-000000000020', 20, '00000000-0000-4000-8002-000000000039', '00000000-0000-4000-8002-000000000040', '00000000-0000-4000-8000-000000000010', '00000000-0000-4000-8001-000000000012', '2026-06-16T20:00:00Z', 'group', 'finished', 1, 2, 'Ahmed Abu El Saoud', 'Indoor, 20°C'),
  ('00000000-0000-4000-8004-000000000021', 21, '00000000-0000-4000-8002-000000000041', '00000000-0000-4000-8002-000000000042', '00000000-0000-4000-8000-000000000011', '00000000-0000-4000-8001-000000000008', '2026-06-16T23:00:00Z', 'group', 'finished', 2, 2, 'Artur Soares Dias', 'Humid, 28°C'),
  ('00000000-0000-4000-8004-000000000022', 22, '00000000-0000-4000-8002-000000000043', '00000000-0000-4000-8002-000000000044', '00000000-0000-4000-8000-000000000011', '00000000-0000-4000-8001-000000000005', '2026-06-17T02:00:00Z', 'group', 'finished', 0, 1, 'Mohammed Abdulla Hassan', 'Cool, 19°C'),
  ('00000000-0000-4000-8004-000000000023', 23, '00000000-0000-4000-8002-000000000045', '00000000-0000-4000-8002-000000000046', '00000000-0000-4000-8000-000000000012', '00000000-0000-4000-8001-000000000004', '2026-06-17T17:00:00Z', 'group', 'finished', 1, 1, 'Francois Letexier', 'Indoor, 22°C'),
  ('00000000-0000-4000-8004-000000000024', 24, '00000000-0000-4000-8002-000000000047', '00000000-0000-4000-8002-000000000048', '00000000-0000-4000-8000-000000000012', '00000000-0000-4000-8001-000000000007', '2026-06-17T20:00:00Z', 'group', 'finished', 0, 2, 'Piero Maza', 'Overcast, 16°C');

INSERT INTO predictions (
  id,
  match_id,
  home_win_prob,
  draw_prob,
  away_win_prob,
  predicted_home_score,
  predicted_away_score,
  confidence,
  analysis,
  model_version
)
VALUES
  ('00000000-0000-4000-8005-000000000001', '00000000-0000-4000-8004-000000000001', 43, 27, 30, 2, 1, 71, NULL, 'v1.0-mock'),
  ('00000000-0000-4000-8005-000000000002', '00000000-0000-4000-8004-000000000002', 49, 28, 23, 2, 0, 68, NULL, 'v1.0-mock'),
  ('00000000-0000-4000-8005-000000000003', '00000000-0000-4000-8004-000000000003', 36, 29, 35, 1, 1, 62, NULL, 'v1.0-mock'),
  ('00000000-0000-4000-8005-000000000004', '00000000-0000-4000-8004-000000000004', 24, 28, 48, 0, 1, 67, NULL, 'v1.0-mock'),
  ('00000000-0000-4000-8005-000000000005', '00000000-0000-4000-8004-000000000005', 29, 30, 41, 1, 2, 64, NULL, 'v1.0-mock'),
  ('00000000-0000-4000-8005-000000000006', '00000000-0000-4000-8004-000000000006', 45, 31, 24, 1, 0, 66, NULL, 'v1.0-mock'),
  ('00000000-0000-4000-8005-000000000007', '00000000-0000-4000-8004-000000000007', 66, 21, 13, 2, 0, 86, NULL, 'v1.0-mock'),
  ('00000000-0000-4000-8005-000000000008', '00000000-0000-4000-8004-000000000008', 58, 24, 18, 2, 1, 74, NULL, 'v1.0-mock'),
  ('00000000-0000-4000-8005-000000000009', '00000000-0000-4000-8004-000000000009', 64, 22, 14, 2, 0, 85, NULL, 'v1.0-mock'),
  ('00000000-0000-4000-8005-000000000010', '00000000-0000-4000-8004-000000000010', 57, 25, 18, 2, 0, 72, NULL, 'v1.0-mock'),
  ('00000000-0000-4000-8005-000000000011', '00000000-0000-4000-8004-000000000011', 55, 25, 20, 2, 1, 78, NULL, 'v1.0-mock'),
  ('00000000-0000-4000-8005-000000000012', '00000000-0000-4000-8004-000000000012', 47, 31, 22, 1, 0, 61, NULL, 'v1.0-mock'),
  ('00000000-0000-4000-8005-000000000013', '00000000-0000-4000-8004-000000000013', 56, 25, 19, 2, 0, 80, NULL, 'v1.0-mock'),
  ('00000000-0000-4000-8005-000000000014', '00000000-0000-4000-8004-000000000014', 44, 30, 26, 1, 0, 60, NULL, 'v1.0-mock'),
  ('00000000-0000-4000-8005-000000000015', '00000000-0000-4000-8004-000000000015', 60, 23, 17, 2, 1, 81, NULL, 'v1.0-mock'),
  ('00000000-0000-4000-8005-000000000016', '00000000-0000-4000-8004-000000000016', 39, 34, 27, 1, 1, 58, NULL, 'v1.0-mock'),
  ('00000000-0000-4000-8005-000000000017', '00000000-0000-4000-8004-000000000017', 48, 28, 24, 2, 1, 69, NULL, 'v1.0-mock'),
  ('00000000-0000-4000-8005-000000000018', '00000000-0000-4000-8004-000000000018', 51, 27, 22, 2, 1, 65, NULL, 'v1.0-mock'),
  ('00000000-0000-4000-8005-000000000019', '00000000-0000-4000-8004-000000000019', 42, 32, 26, 1, 1, 57, NULL, 'v1.0-mock'),
  ('00000000-0000-4000-8005-000000000020', '00000000-0000-4000-8004-000000000020', 38, 29, 33, 1, 1, 56, NULL, 'v1.0-mock'),
  ('00000000-0000-4000-8005-000000000021', '00000000-0000-4000-8004-000000000021', 44, 30, 26, 1, 1, 63, NULL, 'v1.0-mock'),
  ('00000000-0000-4000-8005-000000000022', '00000000-0000-4000-8004-000000000022', 27, 31, 42, 0, 1, 61, NULL, 'v1.0-mock'),
  ('00000000-0000-4000-8005-000000000023', '00000000-0000-4000-8004-000000000023', 37, 31, 32, 1, 1, 59, NULL, 'v1.0-mock'),
  ('00000000-0000-4000-8005-000000000024', '00000000-0000-4000-8004-000000000024', 33, 30, 37, 1, 1, 58, NULL, 'v1.0-mock');
